Name,Description,Domain 1,Domain 2,Evasion,HP,Items,Suggested Traits,Suggested Primary,Suggested Secondary,Suggested Armor,Hope Feature Name,Hope Feature Text,Feature 1 Name,Feature 1 Text,Feature 2 Name,Feature 2 Text,Feature 3 Name,Feature 3 Text,Background 1 Question,Background 2 Question,Background 3 Question,Connection 1 Question,Connection 2 Question,Connection 3 Question,Subclass 1,Subclass 2
Bard,"Bards are the most charismatic people in all the realms. Members of this class are masters of captivation and specialize in a variety of performance types, including singing, playing musical instruments, weaving tales, or telling jokes. Whether performing for an audience or speaking to an individual, bards thrive in social situations. Members of this profession bond and train at schools or guilds, but a current of egotism runs through those of the bardic persuasion. While they may be the most likely class to bring people together, a bard of ill temper can just as easily tear a party apart.",Grace,Codex,10,5,A romance novel or a letter never opened,"0, -1, +1, 0, +2, +1",Rapier,Small Dagger,Gambeson Armor,Make a Scene,"**Spend 3 Hope** to temporarily _Distract_ a target within Close range, giving them a -2 penalty to their Difficulty.",Rally,"Once per session, describe how you rally the party and give yourself and each of your allies a Rally Die. At level 1, your Rally Die is a **d6**. A PC can spend their Rally Die to roll it, adding the result to their action roll, reaction roll, damage roll, or to clear a number of Stress equal to the result. At the end of each session, clear all unspent Rally Dice. At level 5, your Rally Die increases to a **d8**.",,,,,Who from your community taught you to have such confidence in yourself?,"You were in love once. Who did you adore, and how did they hurt you?","You've always looked up to another bard. Who are they, and why do you idolize them?",What made you realize we were going to be such good friends?,What do I do that annoys you?,Why do you grab my hand at night?,Troubadour,Wordsmith
Druid,"Becoming a druid is more than an occupation; it’s a calling for those who wish to learn from and protect the magic of the wilderness. While one might underestimate a gentle druid who practices the often-quiet work of cultivating flora, druids who channel the untamed forces of nature are terrifying to behold. Druids cultivate their abilities in small groups, often connected by a specific ethos or locale, but some choose to work alone. Through years of study and dedication, druids can learn to transform into beasts and shape nature itself.",Sage,Arcana,10,6,A small bag of rocks and bones or a strange pendant found in the dirt,"+1, 0, +1, +2, -1, 0",Shortstaff,Round Shield,Leather Armor,Evolution,"**Spend 3 Hope** to transform into a Beastform without marking a Stress. When you do, choose one trait to raise by +1 until you drop out of that Beastform.",Beastform,"Mark a Stress to magically transform into a creature of your tier or lower from the Beastform list. You can drop out of this form at any time. While transformed, you can't use weapons or cast spells from domain cards, but you can still use other features or abilities you have access to. Spells you cast before you transform stay active and last for their normal duration, and you can talk and communicate as normal. Additionally, you gain the Beastform's features, add their Evasion bonus to your Evasion, and use the trait specified in their statistics for your attack. While you're in a Beastform, your armor becomes part of your body and you mark Armor Slots as usual; when you drop out of a Beastform, those marked Armor Slots remain marked. If you mark your last Hit Point, you automatically drop out of this form.",Wildtouch,"You can perform harmless, subtle effects that involve nature—such as causing a flower to rapidly grow, summoning a slight gust of wind, or starting a campfire at will.",,,Why was the community you grew up in so reliant on nature and its creatures?,Who was the first wild animal you bonded with? Why did your bond end?,Who has been trying to hunt you down? What do they want from you?,What did you confide in me that makes me leap into danger for you every time?,What animal do I say you remind me of?,What affectionate nickname have you given me?,Warden of the Elements,Warden of Renewal
Guardian,"The title of guardian represents an array of martial professions, speaking more to their moral compass and unshakeable fortitude than the means by which they fight. While many guardians join groups of militants for either a country or cause, they’re more likely to follow those few they truly care for, majority be damned. Guardians are known for fighting with remarkable ferocity even against overwhelming odds, defending their cohort above all else. Woe betide those who harm the ally of a guardian, as the guardian will answer this injury in kind.",Valor,Blade,9,7,A totem from your mentor or a secret key,"+1, +2, -1, 0, +1, 0",Battleaxe,,Chainmail Armor,Frontline Tank,**Spend 3 Hope** to clear 2 Armor Slots.,Unstoppable,"Once per long rest, you can become _Unstoppable._ You gain an Unstoppable Die. At level 1, your Unstoppable Die is a **d4.** Place it on your character sheet in the space provided, starting with the 1 value facing up. After you make a damage roll that deals 1 or more Hit Points to a target, increase the Unstoppable Die value by one. When the die's value would exceed its maximum value or when the scene ends, remove the die and drop out of _Unstoppable_. At level 5, your Unstoppable Die increases to a **d6.**

While _Unstoppable_, you gain the following benefits:

- You reduce the severity of physical damage by one threshold (Severe to Major, Major to Minor, Minor to None).
- You add the current value of the Unstoppable Die to your damage roll.
- You can't be _Restrained_ or _Vulnerable_.

> _**Tip:** If your Unstoppable Die is a d4 and the 4 is currently facing up, you remove the die the next time you would increase it. However, if your Unstoppable Die has increased to a d6 and the 4 is currently facing up, you'll turn it to 5 the next time you would increase it. In this case, you'll remove the die after you would need to increase it higher than 6._",,,,,"Who from your community did you fail to protect, and why do you still think of them?","You've been tasked with protecting something important and delivering it somewhere dangerous. What is it, and where does it need to go?","You consider an aspect of yourself to be a weakness. What is it, and how has it affected you?",How did I save your life the first time we met?,What small gift did you give me that you notice I always carry with me?,What lie have you told me about yourself that I absolutely believe?,Stalwart,Vengeance
Ranger,"Rangers are highly skilled hunters who, despite their martial abilities, rarely lend their skills to an army. Through mastery of the body and a deep understanding of the wilderness, rangers become sly tacticians, pursuing their quarry with cunning and patience. Many rangers track and fight alongside an animal companion with whom they’ve forged a powerful spiritual bond. By honing their skills in the wild, rangers become expert trackers, as likely to ensnare their foes in a trap as they are to assail them head-on.",Bone,Sage,12,6,A trophy from your first kill or a seemingly broken compass,"+2, 0, +1, +1, -1, 0",Shortbow,,Leather Armor,Hold Them Off,**Spend 3 Hope** when you succeed on an attack with a weapon to use that same roll against two additional adversaries within range of the attack.,Ranger's Focus,"**Spend a Hope** and make an attack against a target. On a success, deal your attack's normal damage and temporarily make the attack's target your _Focus_. Until this feature ends or you make a different creature your _Focus_, you gain the following benefits against your _Focus:_

- You know precisely what direction they are in.
- When you deal damage to them, they must mark a Stress.
- When you fail an attack against them, you can end your Ranger's Focus feature to reroll your Duality Dice.",,,,,"A terrible creature hurt your community, and you've vowed to hunt them down. What are they, and what unique trail or sign do they leave behind?","Your first kill almost killed you, too. What was it, and what part of you was never the same after that event?","You've traveled many dangerous lands, but what is the one place you refuse to go?",What friendly competition do we have?,Why do you act differently when we're alone than when others are around?,"What threat have you asked me to watch for, and why are you worried about it?",Beastbound,Wayfinder
Rogue,"Rogues are scoundrels, often in both attitude and practice. Broadly known as liars and thieves, the best among this class move through the world anonymously. Utilizing their sharp wits and blades, rogues trick their foes through social manipulation as easily as breaking locks, climbing through windows, or dealing underhanded blows. These masters of magical craft manipulate shadow and movement, adding an array of useful and deadly tools to their repertoire. Rogues frequently establish guilds to meet future accomplices, hire out jobs, and hone secret skills, proving that there’s honor among thieves for those who know where to look.",Midnight,Grace,12,6,A set of forgery tools or a grappling hook,"+1, -1, +2, 0, +1, 0",Dagger,Small Dagger,Gambeson Armor,Rogue's Dodge,"**Spend 3 Hope** to gain a +2 bonus to your Evasion until the next time an attack succeeds against you. Otherwise, this bonus lasts until your next rest.",Cloaked,"Any time you would be _Hidden,_ you are instead _Cloaked._ In addition to the benefits of the _Hidden_ condition, while _Cloaked_ you remain unseen if you are stationary when an adversary moves to where they would normally see you. After you make an attack or end a move within line of sight of an adversary, you are no longer _Cloaked_.",Sneak Attack,"When you succeed on an attack while _Cloaked_ or while an ally is within Melee range of your target, add a number of **d6s** equal to your tier to your damage roll.

- Level 1 → Tier 1
- Levels 2-4 → Tier 2
- Levels 5-7 → Tier 3
- Levels 8-10 → Tier 4",,,What did you get caught doing that got you exiled from your home community?,"You used to have a different life, but you've tried to leave it behind. Who from your past is still chasing you?",Who from your past were you most sad to say goodbye to?,What did I recently convince you to do that got us both in trouble?,What have I discovered about your past that I hold secret from the others?,"Who do you know from my past, and how have they influenced your feelings about me?",Nightwalker,Syndicate
Seraph,"Seraphs are divine fighters and healers imbued with sacred purpose. A wide array of deities exist within the realms, and thus numerous kinds of seraphs are appointed by these gods. Their ethos traditionally aligns with the domain or goals of their god, such as defending the weak, exacting vengeance, protecting a land or artifact, or upholding a particular faith. Some seraphs ally themselves with an army or locale, much to the satisfaction of their rulers, but other crusaders fight in opposition to the follies of the Mortal Realm. It is better to be a seraph’s ally than their enemy, as they are terrifying foes to those who defy their purpose.",Splendor,Valor,9,7,A bundle of offerings or a sigil of your god,"0, +2, 0, +1, +1, -1",Hallowed Axe,Round Shield,Chainmail Armor,Life Support,**Spend 3 Hope** to clear a Hit Point on an ally within Close range.,Prayer Dice,"At the beginning of each session, roll a number of **d4s** equal to your subclass's Spellcast trait and place them on your character sheet in the space provided. These are your Prayer Dice. You can spend any number of Prayer Dice to aid yourself or an ally within Far range. You can use a spent die's value to reduce incoming damage, add to a roll's result after the roll is made, or gain Hope equal to the result. At the end of each session, clear all unspent Prayer Dice.",,,,,Which god did you devote yourself to? What incredible feat did they perform for you in a moment of desperation?,How did your appearance change after taking your oath?,In what strange or unique way do you communicate with your god?,"What promise did you make me agree to, should you die on the battlefield?",Why do you ask me so many questions about my god?,"You've told me to protect one member of our party above all others, even yourself. Who are they and why?",Divine Wielder,Winged Sentinel
Sorcerer,"Not all innate magic users choose to hone their craft, but those who do can become powerful sorcerers. The gifts of these wielders are passed down through families, even if the family is unaware of or reluctant to practice them. A sorcerer’s abilities can range from the elemental to the illusionary and beyond, and many practitioners band together into collectives based on their talents. The act of becoming a formidable sorcerer is not the practice of acquiring power, but learning to cultivate and control the power one already possesses. The magic of a misguided or undisciplined sorcerer is a dangerous force indeed.",Arcana,Midnight,10,6,A whispering orb or a family heirloom,"0, -1, +1, +2, +1, 0",Dualstaff,,Gambeson Armor,Volatile Magic,**Spend 3 Hope** to reroll any number of your damage dice on an attack that deals magic damage.,Arcane Sense,You can sense the presence of magical people and objects within Close range.,Minor Illusion,"Make a **Spellcast Roll (10).** On a success, you create a minor visual illusion no larger than yourself within Close range. This illusion is convincing to anyone at Close range or farther.",Channel Raw Power,"Once per long rest, you can place a domain card from your loadout into your vault and choose to either:

- Gain Hope equal to the level of the card.
- Enhance a spell that deals damage, gaining a bonus to your damage roll equal to twice the level of the card.",What did you do that made the people in your community wary of you?,"What mentor taught you to control your untamed magic, and why are they no longer able to guide you?","You have a deep fear you hide from everyone. What is it, and why does it scare you?",Why do you trust me so deeply?,What did I do that makes you cautious around me?,Why do we keep our shared past a secret?,Elemental Origin,Primal Origin
Warrior,"Becoming a warrior requires years, often a lifetime, of training and dedication to the mastery of weapons and violence. While many who seek to fight hone only their strength, warriors understand the importance of an agile body and mind, making them some of the most sought-after fighters across the realms. Frequently, warriors find employment within an army, a band of mercenaries, or even a royal guard, but their potential is wasted in any position where they cannot continue to improve and expand their skills. Warriors are known to have a favored weapon; to come between them and their blade would be a grievous mistake.",Blade,Bone,11,6,The drawing of a lover or a sharpening stone,"+2, +1, 0, +1, -1, 0",Longsword,,Chainmail Armor,No Mercy,**Spend 3 Hope** to gain a +1 bonus to your attack rolls until your next rest.,Attack of Opportunity,"If an adversary within Melee range attempts to leave that range, make a reaction roll using a trait of your choice against their Difficulty. Choose one effect on a success, or two if you critically succeed:

- They can't move from where they are.
- You deal damage to them equal to your primary weapon's damage.
- You move with them.",Combat Training,"You ignore burden when equipping weapons. When you deal physical damage, you gain a bonus to your damage roll equal to your level.",,,"Who taught you to fight, and why did they stay behind when you left home?","Somebody defeated you in battle years ago and left you to die. Who was it, and how did they betray you?","What legendary place have you always wanted to visit, and why is it so special?",We knew each other long before this party came together. How?,What mundane task do you usually help me with off the battlefield?,What fear am I helping you overcome?,Call of the Brave,Call of the Slayer
Wizard,"Whether through an institution or individual study, those known as wizards acquire and hone immense magical power over years of learning using a variety of tools, including books, stones, potions, and herbs. Some wizards dedicate their lives to mastering a particular school of magic, while others learn from a wide variety of disciplines. Many wizards become wise and powerful figures in their communities, advising rulers, providing medicines and healing, and even leading war councils. While these mages all work toward the common goal of collecting magical knowledge, wizards often have the most conflict within their own ranks, as the acquisition, keeping, and sharing of powerful secrets is a topic of intense debate that has resulted in innumerable deaths.",Codex,Splendor,11,5,"A book you’re trying to translate or a tiny, harmless elemental pet","-1, 0, 0, +1, +1, +2",Greatstaff,,Leather Armor,Not This Time,**Spend 3 Hope** to force an adversary within Far range to reroll an attack or damage roll.,Prestidigitation,"You can perform harmless, subtle magical effects at will. For example, you can change an object's color, create a smell, light a candle, cause a tiny object to float, illuminate a room, or repair a small object.",Strange Patterns,"Choose a number between 1 and 12. When you roll that number on a Duality Die, gain a Hope or clear a Stress.

You can change this number when you take a long rest.",,,What responsibilities did your community once count on you for? How did you let them down?,"You've spent your life searching for a book or object of great significance. What is it, and why is it so important to you?","You have a powerful rival. Who are they, and why are you so determined to defeat them?",What favor have I asked of you that you're not sure you can fulfill?,What weird hobby or strange fascination do we both share?,What secret about yourself have you entrusted only to me?,School of Knowledge,School of War
Assassin,"ASSASSIN
Assassins are masters at inflicting deadly injuries with
precise strikes. Unlike those who wield violence as only a
means to an end, assassins approach death as a profession.
Many members of this class believe theirs is a worthy, if
not sacred, trade, and some join guilds to hone their craft,
define their beliefs, and earn money. People from all walks
of life hire assassins for their skills: powerful rulers looking
to avoid all-out war, business leaders seeking to eliminate
the competition, and even average people hoping to settle a
grudge. Often, an assassin is the last resort for killing those
previously believed to be unkillable. While some of these
deadly professionals will destroy anyone in their path for the
right reasons or the right price, others hold strict moral codes
or personal rules that dictate their targets. Those who end up
the target of an assassin should count themselves among the
dead
DOMAINS – Blade & Midnight
STARTING EVASION – 12
STARTING HIT POINTS – 5
CLASS ITEMS – A list of names with several marked off or
a rusted blade inscribed with an insignia
ASSASSIN’S HOPE FEATURE
Deadly Determination: Spend 3 Hope  to clear 2 Stress.
CLASS FEATURES
Marked for Death: On a successful weapon attack, you can
mark a Stress to make the target Marked for Death. When
you deal damage to a target you’ve Marked for Death, add a
number of d4s  equal to your tier to the damage roll.
You can have only one adversary Marked for Death at a
time. This condition lasts until you take a rest, the current
adversary Marked for Death is defeated, or the GM spends
a number of Fear equal to your tier to clear it.
Get In & Get Out: Spend a Hope to ask the GM for a quick
or inconspicuous way into or out of a place you can see.
The next roll you make that acts on this information has
advantage.
ASSASSIN SUBCLASSES
Choose either the Executioners Guild or Poisoners Guild
subclass.
EXECUTIONERS GUILD
Play the Executioners Guild if you want to strike down your
targets with lethal precision.
SPELLCAST TRAIT
Agility
FOUNDATION FEATURES
First Strike: The first time in a scene you succeed on an
attack, you deal double damage.
Ambush: Your “Marked for Death” feature uses d6s  instead
of d4s.
SPECIALIZATION FEATURES
Death Strike: When you deal Severe damage to a creature,
you can mark a Stress to force them to mark an additional
Hit Point.
Scorpion’s Poise: You gain a +2 bonus to your Evasion
against attacks made by a creature you’ve Marked for
Death.
MASTERY FEATURES
True Strike: Once per long rest when you fail an attack, you
can spend a Hope to make it a success instead.
Backstab: Your “Marked for Death” feature uses d8s
instead of d6s.
9
Daggerheart SRD
<!-- PDF page 10 -->
POISONERS GUILD
Play the Poisoners Guild if you want to debilitate your targets
with punishing afflictions.
SPELLCAST TRAIT
Knowledge
FOUNDATION FEATURE
Toxic Concoctions: Mark a Stress to place 1d4+1  tokens on
this card. When you make a successful weapon attack, you
can spend a token to afflict the target with a poison. You
know these poisons:
 ◦ Ghost Petal: The target becomes temporarily Vulnerable.
 ◦ Grave Spore: The target must also mark a Stress.
 ◦ Leech Weed: You deal an extra 1d6  damage on this
attack.
When you take a long rest, clear all unspent tokens.
SPECIALIZATION FEATURES
Poison Compendium: You also know these poisons:
 ◦ Midnight Vine: The target has disadvantage on attack
rolls until it marks a Stress to clear this condition.
 ◦ Gorgon Root: The target becomes temporarily
Restrained.
Twin Fang: When you afflict a target Marked for Death with
a poison you know, you can spend an additional token to
also inflict the effect of a second poison you know.
MASTERY FEATURES
Venomancer: You also know these poisons:
 ◦ Blight Seed: The target gains a −3 penalty to their
damage thresholds until the end of the scene. This
effect can’t stack.
 ◦ Fear Leaf: You deal extra damage equal to the result of
your Fear Die on this attack.
 ◦ Corpse Thorn: The target gains disadvantage on reaction
rolls until the end of the scene.
Adder’s Blessing: You are immune to poisons and other
toxins.
BACKGROUND QUESTIONS
Answer any of the following background questions. You can
also create your own questions.
• You once killed someone you were close to. What
happened, and how did it change you?
• What organization trained you in the art of killing, and
how did you become a member?
• Throughout your career, one target has eluded you.
Who are they, and how have they slipped through
your fingers?
CONNECTIONS
Ask your fellow players one of the following questions for
their character to answer, or create your own questions.
• I’ve killed someone for you. Who were they?
• How did you save me when I was on the brink of
death? What have I promised you as repayment?
• What secret about myself did I tell you, and how did
it change your view of me?",Blade,Midnight,12,5,,,,,,,,,,,,,,,,,,,,Executioners Guild,Poisoners Guild
Brawler,"BRAWLER
Experts in unarmed combat, brawlers hone their bodies into
lethal weapons. Whether they learned from formal training,
studied with a mentor, or picked up their skills one fight at a
time, the process is always rigorous as brawlers develop their
body and mind to work as one. Brawlers are valued for their
power and versatility and typically join a party or a cause when
the need or desire arises. Because a brawler’s body is their
strongest weapon, they typically seek out new challenges or
consistent sparring partners so they can maintain their skills
and add new techniques to their repertoire. Though they might
appear unassuming to those accustomed to foes who are
armed to the teeth, brawlers often accomplish more with bare
knuckles than an average soldier with a sword.
DOMAINS – Valor & Bone
STARTING EVASION – 10
STARTING HIT POINTS – 6
CLASS ITEMS – Hand wraps from a mentor or a book
about your secret hobby
11
Daggerheart SRD
<!-- PDF page 12 -->
BRAWLER’S HOPE FEATURE
Square Up: Spend 3 Hope  to intimidate a target within
Close range, making them temporarily Vulnerable.
CLASS FEATURES
I Am the Weapon: Your barehanded attacks are as strong
as any blade. You have a primary weapon called Brawler’s
Strike equipped while you have no other Active Weapons.
It uses a trait of your choice, has Melee range, and deals
d8+d6  physical damage using your Proficiency (both the
d8 and d6 scale off your Proficiency). While this weapon is
active, you gain a +1 bonus to your Evasion.
Combo Strike: After rolling damage on a successful attack
with a Melee weapon, you can mark a Stress to start a
combo strike. When you do, roll your Combo Die and note
the result, then continue rolling your Combo Die until the
result of your latest roll is lower than the roll that preceded
it. You deal extra damage equal to the total of all rolled
Combo Die results on this attack. The results can’t be
modified by any means.
Your Combo Die starts as a d4 . Once per tier, you
can increase your Combo Die by one step as a level
advancement option.
BRAWLER SUBCLASSES
Choose either the Juggernaut or Martial Artist subclass.
JUGGERNAUT
Play the Juggernaut if you want to pulverize your opponents
with crushing blows.
FOUNDATION FEATURES
Rugged: Gain a permanent +3 bonus to your Severe damage
threshold.
Overwhelm: When you succeed on an attack against a
target, you can spend a Hope to throw the target within
Close range or to force them to mark a Stress.
SPECIALIZATION FEATURES
Surrounded: When you make an attack with a Melee
weapon, you can spend any number of Hope to target an
equal number of additional creatures within Melee range.
Eye for an Eye: Once per rest when an adversary within
Melee range forces you to mark any number of Hit Points,
you can mark a Stress to force them to mark the same
number of Hit Points.
MASTERY FEATURE
Pummeljoy: When you critically succeed on a Melee
weapon attack, you gain an additional Hope, clear an
additional Stress, and gain a +1 bonus to your Proficiency
for that attack.
Not Done Yet: When you take Severe damage, you can gain
a Hope or clear a Stress.
MARTIAL ARTIST
Play the Martial Artist if you want to use a variety of fighting
styles to eliminate your foes.
FOUNDATION FEATURE
Stance Fighter: You can channel your inner resolve to shift
into martial stances that grant you special benefits in
combat.
T ake the Martial Stances sheet and choose two martial
stances from Tier 1. Each time you level up your character,
choose an additional stance from your tier or lower.
SPECIALIZATION FEATURES
Keen Defenses: When you’re targeted by an attack, you
can spend a Focus to gain a bonus to your Evasion equal to
your tier against the attack.
Focus Cannon: Spend a Focus to make an Instinct Roll
against an adversary within Far range. On a success, deal
d20+3  magic damage using your Proficiency.
MASTERY FEATURE
Limit Breaker: Once per rest, you can perform an
unbelievable feat of athletic prowess, such as running
across water, leaping between distant rooftops, or scaling a
building without needing to roll. When you do, gain a Hope
and clear a Stress.
Flow State: You can mark a Stress instead of spending a
Focus to shift into a different stance. Additionally, you can
spend a Focus instead of marking a Stress to start a combo
strike.
BACKGROUND QUESTIONS
Answer any of the following background questions. You can
also create your own questions.
• Where did you spend time during your formative
years that taught you, directly or indirectly, how to
fight in the style you use?
• What organization has vowed to kill you on sight, and
what did you do to invoke their ire?
• Who did you recently lose a fight to that you’re
desperate for a rematch against?
CONNECTIONS
Ask your fellow players one of the following questions for
their character to answer, or create your own questions.
• What is one thing we’re both afraid of?
• What do I rely on you for during our travels? How do
you feel about it?
• I still haven’t forgiven you for something you said to
me. What was it, and why did you say it?
12
Daggerheart SRD
<!-- PDF page 13 -->
MARTIAL STANCES
When you choose the Martial Artist subclass, take the Martial
Stances sheet to track which stances your character knows.
You can also track which stance you have active and your
current Focus.
STANCES
Stances are special body positionings that enable Martial
Artists to attack, react, or defend in combat. Each stance
grants your character a different ability, bonus, or feature
while active.
You choose two stances from Tier 1 when you first take the
Martial Artist’s subclass foundation card. Mark the circle
next to each to indicate that your character knows and has
access to them. Mark a new stance from your tier or below
each time you gain a level.
FOCUS
Focus represents your character’s poise, clarity, and
control. Once per rest during a moment of calm, you can
clear your mind and refocus your martial instincts. Clear
your Focus track, then roll a number of d6s  equal to your
Instinct and gain Focus equal to the highest result rolled.
You can hold a maximum of 6 Focus.
SHIFTING INTO STANCES
You can spend a Focus to shift into a martial stance and
gain its effects. You can shift only into stances you’ve
marked as known. When you shift into a stance, it’s
considered your active stance until you drop out of it.
You can’t shift into or have more than one active stance at
a time. Until you shift into a stance, you are not considered
to be in a stance or to have an active stance.
DROPPING OUT OF STANCES
If you are already in a stance when you shift into a different
stance, you automatically drop out of the previously active
stance. You also drop out of your active stance when you
take Severe damage or mark your last Hit Point. Otherwise,
you drop out of your active stance at the end of the scene.
When you drop out of a stance, you lose any ongoing
benefits it provides.
STANCE FEATURES
The following section lists all martial stances by tier.
TIER 1
Favored: Gain a bonus to damage rolls equal to a trait of
your choice.
Invigorating: On a successful attack, roll a d4 . On a result
of 4, gain a Focus.
Quick: When you make an attack, you can spend a Focus or
mark a Stress to target another creature within range with
that attack.
Reliable: Gain a +1 bonus to your attack rolls.
TIER 2
Aggressive: Gain a −1 penalty to your Evasion. On a
successful attack, roll an additional damage die and discard
the lowest result.
Anchored: Gain a +2 bonus to your damage thresholds.
While in this stance, you can’t be moved against your will.
Defensive: Attack rolls targeting you from within Melee
range have disadvantage unless the attacker marks a
Stress to negate the disadvantage.
Otherworldly: On a successful attack, you can deal physical
or magic damage.
TIER 3
Grappling: On a successful attack within Melee range, you
can spend a Focus or mark a Stress to temporarily Restrain
the target or throw the target up to Close range.
Scary: On a successful attack, the target must mark a
Stress.
Stable: You can spend a Focus instead of an Armor Slot to
reduce damage.
Vigilant: When you are targeted by an attack, you can mark
a Stress to gain a d6  bonus to your Evasion against the
attack.
TIER 4
Crushing: When you deal Severe damage, you can spend a
Hope to force the target to mark an additional Hit Point.
Exacting: When you roll a 1 on a damage die, you can treat
it as the highest value on the die instead.
Honed: Spend a Focus before you make an attack roll to
gain a +1 bonus to your Proficiency for that attack.
Isolating: Gain advantage on attack rolls when there are
no other creatures within Very Close range of you or your
target.
13
Daggerheart SRD
<!-- PDF page 14 -->",Valor,Bone,10,6,,,,,,,,,,,,,,,,,,,,Juggernaut,Martial Artist
Warlock,"WARLOCK
Those who’ve traded their lives—or perhaps even their
souls—to an otherworldly patron in exchange for incredible
power are known as warlocks. Often, these mortals have
reached a point of desperation that leads them to make this
sacrifice: they hope to protect themselves or a loved one,
aid their community, seek vengeance, increase their status,
or otherwise further their ambitions. The powerful entities
they entreat are as varied as the warlocks themselves: gods,
spirits, demons, or other beings unknown to even the mortal
who makes the pact. The entities each have their own sphere
of influence that defines their otherworldly power, and those
that collect souls are rarely known for their benevolence. Thus,
a warlock’s power is defined by the relationship they maintain
with their benefactor. Despite their terrifying magic, warlocks
might find that someone or something else is pulling their
strings.
DOMAINS – Dread & Grace
STARTING EVASION – 11
STARTING HIT POINTS – 5
CLASS ITEMS – A carving that symbolizes your patron or
a ring you can’t remove
WARLOCK’S HOPE FEATURE
Patron’s Boon: When you fail a roll, you can spend 3 Hope
to reroll with advantage.
CLASS FEATURES
Patron’s Pact: You have committed yourself to a
supernatural entity —such as a god, fae, or demon—in
exchange for power. Write their name on your character
sheet, then work with your GM to determine their sphere of
influence (such as Nature, Chaos, Wisdom, Mischief, Love,
War, Justice, or Death). Before making an action roll that
relates to your patron’s sphere of influence, you can spend
a Favor to call upon their aid, rolling your Patron Die and
adding its result to the total. Your Patron Die starts at a d6
and increases to a d8  at level 5.
Favor: You start with 3 Favor. You can use a downtime
move to show tribute to your patron. Describe how and
gain Favor equal to your Spellcast trait. Additionally, when
you succeed on an action roll with Hope, you can choose to
gain a Favor instead of a Hope.
Note: The maximum Favor you can hold at one time is 6.
SPHERE OF INFLUENCE EXAMPLES
When building a warlock, choose their patron’s sphere of
influence from the list below or work with the GM to make
your own.
Ambition
Artists
Chaos
Darkness
Death
Gamblers
Honor
Justice
Leaders
Love
Mercy
Mischief
Nature
Protectors
Revenge
Scholars
Secrets
Soldiers
Strength
Travelers
Tricksters
Truth
War
Wisdom
26
Daggerheart SRD
<!-- PDF page 27 -->
WARLOCK SUBCLASSES
Choose either the Pact of the Endless or Pact of the Wrathful
subclass.
PACT OF THE ENDLESS
Play the Pact of the Endless if you want to stand strong
against enemies and avoid death.
SPELLCAST TRAIT
Presence
FOUNDATION FEATURES
Patron’s Mantle: Spend a Favor to cloak yourself in a
terrifying aspect of your Patron that lasts until you take
Severe damage or the scene ends. While this effect is
active, you gain a bonus to your damage thresholds equal
to your tier and have advantage on action rolls to intimidate
a target.
Deathless Embrace: Once per rest, spend any number
of Favor to roll an equal number of Patron Dice. For each
result of 4 or higher, clear a Hit Point.
SPECIALIZATION FEATURES
Harrowing Invocation: When an adversary targets you or
an ally within Very Close range with an attack, you can
spend a Favor to give them disadvantage on the roll. If the
adversary fails the roll, they must also mark a Stress.
Damage Sink: Once per rest, you can spend a Favor to
halve incoming damage.
MASTERY FEATURES
Dark Aegis: Once per long rest when you would take
damage, you can spend a Favor instead of marking Hit
Points.
Draining Bane: When an adversary targets you or an ally
within Very Close range with an attack, you can spend
a Favor to Drain them. When you do, they must mark a
Stress, and you can clear a Stress. While Drained, the
target uses a d12  instead of a d20 for attack rolls (including
for advantage or disadvantage) until they fail a roll.
PACT OF THE WRATHFUL
Play the Pact of the Wrathful if you want to destroy those who
act against you.
SPELLCAST TRAIT
Presence
FOUNDATION FEATURES
Patron’s Fury: Spend a Favor to imbue your attacks with
your Patron’s power until you deal Severe damage or the
scene ends. When you roll damage while this effect is
active, you also roll a number of Patron Dice equal to your
tier and add their total to the damage dealt.
Deadly Vengeance: When you mark any number of Hit
Points from an attack, you can spend a Favor to roll an
equal number of Patron Dice. For each result of 4 or higher,
the attacker marks a Hit Point.
SPECIALIZATION FEATURES
Menacing Reach: Spend a Favor to increase the range of
your primary weapon by one step (such as Melee to Very
Close or Very Close to Close) to a maximum of Very Far
range. This effect ends when you make a successful attack
with that weapon.
Diminish My Foes: When you succeed with Hope on an
action roll against a target, you can spend any number
of Favor to force the target to mark an equal number of
Stress.
MASTERY FEATURES
Fearsome Attack: Spend a Favor to reroll any number of
your damage dice. You can continue spending Favor to use
this feature on the same damage roll.
Otherworldly Ire: Once per rest when you take damage, you
can spend any number of Favor to roll that many Patron
Dice and target a number of creatures within Close range
equal to the highest result. Each target must mark a Hit
Point.
BACKGROUND QUESTIONS
Answer any of the following background questions. You can
also create your own questions.
• Who from your community shunned you after you
made a pact with your patron?
• What desperate situation led you to pledge your life
to your patron?
• Your patron has given you one task you must
accomplish above all else. What is it, and why does it
worry you?
CONNECTIONS
Ask your fellow players one of the following questions for
their character to answer, or create your own questions.
• Why do you think I confide in you about what my
patron says and does?
• Our relationship has changed since you saw me show
tribute to my patron. What did you see, and how has
it affected you?
• I once did something very foolish, and you’ve never
let me live it down. What was it?
27
Daggerheart SRD
<!-- PDF page 28 -->",Dread,Grace,11,5,,,,,,,,,,,,,,,,,,,,Pact of the Endless,Pact of the Wrathful
Witch,"WITCH
Witches are magical practitioners who commune with the
forces of nature and entities from realms beyond. These
spellcasters call forth power through craft, combining
the tangible and ephemeral by casting spells, murmuring
incantations, creating talismans, weaving illusions, and
maintaining other personalized practices. They can protect
their allies and harm their enemies by invoking powerful forces
beyond themselves—supernatural beings such as ancestors,
deities, or aspects of nature. Often, their magical knowledge is
passed down from these entities or through many generations
of practitioners who gather in small groups known as covens.
Witches are frequently feared and misunderstood, as their
methods can appear mysterious, strange, and even macabre
to the uninitiated. Whichever path they walk, a witch treads
the boundary between light and shadow without fear.
DOMAINS – Sage & Dread
STARTING EVASION – 10
STARTING HIT POINTS – 6
CLASS ITEMS – A small, harmless pet or a scrying stone
WITCH’S HOPE FEATURE
Witch’s Charm: When you or an ally within Far range fails
an action roll, you can spend 3 Hope  to change it into a
success with Fear instead.
CLASS FEATURES
Hex: Mark a Stress to temporarily Hex a target within
Far range. While Hexed, the target gains a penalty to
their damage rolls and Difficulty equal to your tier. The
maximum number of creatures you can Hex at one time is
equal to your Spellcast trait.
Commune: Once per long rest during a moment of calm,
you can commune with an ancestor, a deity, a spirit, or
an otherworldly being. Ask them a question, then roll a
number of d6s  equal to your Spellcast trait. Choose one of
the results and reference the chart below for the effect.
Roll Effect
1–3 You taste a flavor, smell a scent, or feel a
sensation relevant to the answer.
4–5 You hear sounds or see a vision relevant to the
answer.
6 You psychically experience a scene relevant to
the answer as if you were there.
WITCH SUBCLASSES
Choose either the Hedge or Moon subclass.
HEDGE
Play the Hedge if you want to use your craft to empower
yourself and your party.
SPELLCAST TRAIT
Knowledge
FOUNDATION FEATURES
Herbal Remedies: When you or an ally in the scene clears
1 or more Hit Points or Stress as the result of using a
consumable, increase the number cleared by 1.
Enchanted Talisman: Once per rest, you can imbue a small
item with your protective essence. Spend any number
of Hope to place an equal number of tokens on this card.
When the person holding the talisman takes damage,
spend a token to reduce the number of Hit Points they
mark by one. Clear all tokens from this card when you take
a rest.
SPECIALIZATION FEATURES
Walk Between Worlds: During a moment of calm, make
a Spellcast Roll (13) . Once per rest on a success, you
can mark a Stress to step beyond the veil of death and
converse with any nearby spirits. Place a number of tokens
equal to your Spellcast trait on this card and remove one
each time a spirit answers a question. When the last token
is removed or at the end of the scene, you return to the
Mortal Realm in the same spot you left it.
Vexing Malison: You have advantage on attacks against
Hexed creatures.
MASTERY FEATURES
Circle of Power: Once per rest, mark a circle on the ground
outlining a Very Close area around you, and place a number
of tokens equal to your Spellcast trait on this card. While
within this circle, you and your allies gain a +2 bonus to
damage thresholds, attack rolls, and Evasion. Remove a
token each time you or an ally within the circle makes an
action roll or evades an attack. This spell lasts until the last
token is removed or you exit the circle.
29
Daggerheart SRD
<!-- PDF page 30 -->
MOON
Play the Moon if you want to embody celestial power to
amplify your magic.
SPELLCAST TRAIT
Instinct
FOUNDATION FEATURES
Night’s Glamour: Make a Spellcast Roll (13)  to Glamour
yourself in a bewitching facade. While Glamoured, you have
advantage on rolls that leverage your illusory appearance.
Additionally, adversaries within Close range must mark a
Stress to attack you.
Unless you mark a Stress to maintain your Glamour, it
drops when you mark a Hit Point or deal damage.
SPECIALIZATION FEATURES
Moonbeam: Once per session, you can conjure a column of
moonlight that illuminates the area within Close range until
the end of the scene. While bathed in this moonlight, you
and your allies gain a +1 bonus to Spellcast Rolls and can
see through illusions.
Ire of Pale Light: When a Hexed creature within Very Far
range fails an attack, they must mark a Stress.
MASTERY FEATURES
Lunar Phases: At the beginning of each session, roll a d6
and place it on this card. You gain the matching effect until
the end of session.
Roll Phase Effect
1 New Spend a Hope to negate Minor damage.
2 – 3 Waxing +2  to damage rolls
4 Full +3  to damage thresholds
5 – 6 Waning +1  to Evasion
Once per rest, you can spend a Hope to increase the
value of this die by one. If you increase the value of a 6, it
becomes a 1.
BACKGROUND QUESTIONS
Answer any of the following background questions. You can
also create your own questions.
• Who from your community feared your magical
craft? What rumor did they spread about you, and
what truth did it contain?
• You once used your power to help someone in a dire
situation. Who were they, and why did they come to
you?
• Your magic once opened a door best left closed. Who
or what was on the other side?
CONNECTIONS
Ask your fellow players one of the following questions for
their character to answer, or create your own questions.
• What unique ritual or practice have I taught you that
we now perform together?
• I once appeared to you in a dream and shared a vision
of the future. What did I tell you?
• What do you typically come to me for advice about?",Dread,Sage,10,6,,,,,,,,,,,,,,,,,,,,Hedge,Moon
